address,pnl,volume,orderly_point,allocation_percentage,vanta_points,special_points,remark
0x1111111111111111111111111111111111111111,1250.5,250000,3000,71.428571428571,714285.71428571,500,top performer
0x2222222222222222222222222222222222222222,320.25,90000,1200,28.571428571429,285714.28571429,0,
0x3333333333333333333333333333333333333333,-80,15000,0,0,0,100,manual bonus
0xFde4955aA40C7d606A52345396F9c3bFD5924dD6,-80,15000,0,0,0,10000,manual bonus
