address,total_accumulated_point_in_past_campaign,total_accumulated_point_in_current_campaign,total_accumulated_special_point_in_past_campaign,total_accumulated_special_point_in_current_campaign,remark
0x1111111111111111111111111111111111111111,0,714285.71428571,0,500,top performer
0x2222222222222222222222222222222222222222,0,285714.28571429,0,0,
0x3333333333333333333333333333333333333333,0,0,0,100,manual bonus
0xFde4955aA40C7d606A52345396F9c3bFD5924dD6,0,0,0,10000,
